site,largest_distance,best months for XC,num of all flights,num of 200k flights,num of 100k flights,num of 50k flights,num of 20k flights,XContest days per month,Xconotest days per year,link to XContest,longitude,latitude
Ager,196.37 km,Jul Aug Jun,9818,1,447,2706,5739,Aug:24 Jul:21 Sep:20 Jun:16 Oct:14 May:12 Apr:10 Mar:8 Dec:5 Feb:5 Nov:3 Jan:2,128,https://www.xcontest.org/world/en/flights-search/?filter[point]=0.74792%2042.04545&list[sort]=pts&list[dir]=down&filter[radius]=1000&list[num]=100,0.74792,42.04545
Bellmunt,182.49 km,Apr,3488,0,22,134,1007,Aug:9 Jul:9 Apr:9 Sep:8 May:8 Mar:7 Jun:7 Feb:7 Oct:7 Dec:3 Nov:3 Jan:2,75,https://www.xcontest.org/world/en/flights-search/?filter[point]=2.2936%2042.099933&list[sort]=pts&list[dir]=down&filter[radius]=1000&list[num]=100,2.2936,42.099933
Queralt,177.56 km,Apr Jun May Jul Aug Mar Sep,1856,0,66,326,945,Jun:10 Jul:9 Aug:9 May:7 Sep:7 Mar:6 Apr:6 Oct:6 Feb:4 Dec:3 Nov:1 Jan:1,65,https://www.xcontest.org/world/en/flights-search/?filter[point]=1.82443%2042.10578&list[sort]=pts&list[dir]=down&filter[radius]=1000&list[num]=100,1.82443,42.10578
Castejon de SOS,139.42 km,Jun,1448,1,55,292,624,Aug:13 Jul:9 Sep:6 Jun:4 Oct:3 May:1 Feb:0 Dec:0 Mar:0 Jan:0,34,https://www.xcontest.org/world/en/flights-search/?filter[point]=0.5524%2042.5346&list[sort]=pts&list[dir]=down&filter[radius]=1000&list[num]=100,0.5524,42.5346
Organya,182.09 km,May,1246,0,2,44,318,Aug:11 Sep:9 Jul:7 May:6 Jun:6 Apr:5 Oct:4 Mar:2 Feb:2 Nov:1 Dec:0 Jan:0,51,https://www.xcontest.org/world/en/flights-search/?filter[point]=1.32422%2042.22845&list[sort]=pts&list[dir]=down&filter[radius]=1000&list[num]=100,1.32422,42.22845
Santa Brigida,65.46 km,Feb,1141,0,0,2,8,Dec:6 Jan:5 Nov:5 Feb:4 Oct:4 Jun:3 Sep:3 Aug:3 Mar:3 Jul:2 May:2 Apr:2,43,https://www.xcontest.org/world/en/flights-search/?filter[point]=2.6126%2042.021633&list[sort]=pts&list[dir]=down&filter[radius]=1000&list[num]=100,2.6126,42.021633
Rasos de Peg...,179.55 km,Jun May Apr Mar Sep Aug,877,0,76,275,533,Sep:3 Jun:3 Aug:3 Mar:2 Jul:2 Dec:2 Feb:2 May:2 Apr:2 Jan:1 Oct:1 Nov:1,26,https://www.xcontest.org/world/en/flights-search/?filter[point]=1.763%2042.13295&list[sort]=pts&list[dir]=down&filter[radius]=1000&list[num]=100,1.763,42.13295
Castejon de Sos,125.3 km,Aug Jul,795,0,8,54,163,Aug:10 Jul:7 Jun:6 Sep:4 Apr:1 Mar:1 May:1 Oct:1 Feb:1 Dec:0 Nov:0,33,https://www.xcontest.org/world/en/flights-search/?filter[point]=0.49965%2042.52392&list[sort]=pts&list[dir]=down&filter[radius]=1000&list[num]=100,0.49965,42.52392
Figuerassa,136.44 km,Sep Apr Jul Mar Aug Jun May Feb Oct Dec,793,0,7,27,145,Jul:5 Jun:5 Dec:4 Sep:4 Aug:4 Mar:3 Oct:3 Apr:3 Feb:3 Jan:3 Nov:2 May:2,42,https://www.xcontest.org/world/en/flights-search/?filter[point]=1.823967%2042.121617&list[sort]=pts&list[dir]=down&filter[radius]=1000&list[num]=100,1.823967,42.121617
Arangoiti,242.56 km,Jun Aug Jul,638,2,38,245,510,Jul:2 Aug:2 Jun:1 Sep:1 Apr:1 Mar:0 May:0 Oct:0 Feb:0 Jan:0 Dec:0,10,https://www.xcontest.org/world/en/flights-search/?filter[point]=-1.187717%2042.64495&list[sort]=pts&list[dir]=down&filter[radius]=1000&list[num]=100,-1.187717,42.64495
2ª Maria,111.25 km,Apr Mar May Feb Sep,558,0,1,52,209,Mar:5 Apr:3 Sep:3 Jun:3 May:2 Feb:2 Jul:2 Aug:2 Oct:0 Jan:0 Nov:0 Dec:0,24,https://www.xcontest.org/world/en/flights-search/?filter[point]=1.79653%2042.08085&list[sort]=pts&list[dir]=down&filter[radius]=1000&list[num]=100,1.79653,42.08085
5ª Maria,136.56 km,Feb May Jun Mar Aug Jul Apr Sep,533,0,2,12,153,Jun:3 Feb:2 Aug:2 Dec:2 Jul:1 Apr:1 Mar:1 Oct:1 Sep:1 May:1 Nov:1 Jan:1,18,https://www.xcontest.org/world/en/flights-search/?filter[point]=1.74813%2042.06517&list[sort]=pts&list[dir]=down&filter[radius]=1000&list[num]=100,1.74813,42.06517
Mauroux,233.29 km,Jun Aug,325,2,6,40,106,Aug:3 Jun:2 Jul:1 Oct:1 Sep:1 May:0 Dec:0 Apr:0 Nov:0 Jan:0,10,https://www.xcontest.org/world/en/flights-search/?filter[point]=1.98945%2042.510267&list[sort]=pts&list[dir]=down&filter[radius]=1000&list[num]=100,1.98945,42.510267
Mauroux (Pic...,73.03 km,Jun May Sep,324,2,6,40,105,Aug:3 Jun:2 Jul:1 Oct:1 Sep:1 May:0 Apr:0 Nov:0 Dec:0 Jan:0,10,https://www.xcontest.org/world/en/flights-search/?filter[point]=1.988%2042.51&list[sort]=pts&list[dir]=down&filter[radius]=1000&list[num]=100,1.988,42.51
Canalda,103.56 km,Sep,306,0,1,30,126,Dec:2 Aug:2 Jan:1 Sep:1 Jul:1 Oct:0 Apr:0 Jun:0 Nov:0 Mar:0 Feb:0 May:0,11,https://www.xcontest.org/world/en/flights-search/?filter[point]=1.56425%2042.15982&list[sort]=pts&list[dir]=down&filter[radius]=1000&list[num]=100,1.56425,42.15982
port del comte,60.1 km,Sep,306,0,1,30,126,Dec:2 Aug:2 Jan:1 Jul:1 Sep:1 Oct:0 Apr:0 Jun:0 Nov:0 Mar:0 Feb:0 May:0,11,https://www.xcontest.org/world/en/flights-search/?filter[point]=1.56308%2042.15845&list[sort]=pts&list[dir]=down&filter[radius]=1000&list[num]=100,1.56308,42.15845
Port del Comte,39.43 km,Sep,306,0,1,30,126,Dec:2 Aug:2 Jan:1 Sep:1 Jul:1 Oct:0 Apr:0 Jun:0 Nov:0 Mar:0 Feb:0 May:0,11,https://www.xcontest.org/world/en/flights-search/?filter[point]=1.56418%2042.15985&list[sort]=pts&list[dir]=down&filter[radius]=1000&list[num]=100,1.56418,42.15985
Port del Com...,43.56 km,Sep,306,0,1,30,126,Dec:2 Aug:2 Jan:1 Sep:1 Jul:1 Oct:0 Apr:0 Jun:0 Nov:0 Mar:0 Feb:0 May:0,11,https://www.xcontest.org/world/en/flights-search/?filter[point]=1.5642%2042.15993&list[sort]=pts&list[dir]=down&filter[radius]=1000&list[num]=100,1.5642,42.15993
Arbas,169.41 km,Apr May Sep Mar Jul Jun Feb Aug,296,0,12,35,147,Apr:4 Sep:2 Jun:2 May:2 Mar:2 Aug:1 Jul:1 Feb:1 Oct:0 Nov:0 Dec:0,17,https://www.xcontest.org/world/en/flights-search/?filter[point]=0.885867%2042.9699&list[sort]=pts&list[dir]=down&filter[radius]=1000&list[num]=100,0.885867,42.9699
Ogassa,141.18 km,Apr May Mar Jun Oct Feb Aug Jul Sep,249,0,19,55,140,Oct:1 Jun:1 Feb:1 Sep:1 Apr:1 Aug:1 Mar:1 May:1 Dec:1 Jul:1 Nov:1 Jan:0,13,https://www.xcontest.org/world/en/flights-search/?filter[point]=2.285533%2042.281733&list[sort]=pts&list[dir]=down&filter[radius]=1000&list[num]=100,2.285533,42.281733
Couraduque,192.21 km,May Sep Apr Aug Mar Jun Jul,249,0,6,31,126,Apr:3 Sep:1 May:1 Mar:1 Aug:1 Jun:1 Jul:0 Feb:0 Oct:0 Nov:0 Dec:0,12,https://www.xcontest.org/world/en/flights-search/?filter[point]=-0.197108%2042.990465&list[sort]=pts&list[dir]=down&filter[radius]=1000&list[num]=100,-0.197108,42.990465
Hecho,228.75 km,Jul Aug Apr Jun May Sep Feb Mar Oct,216,1,6,23,44,Aug:1 Jul:1 Apr:1 May:0 Mar:0 Feb:0 Sep:0 Jun:0 Oct:0 Nov:0,6,https://www.xcontest.org/world/en/flights-search/?filter[point]=-0.72887%2042.74087&list[sort]=pts&list[dir]=down&filter[radius]=1000&list[num]=100,-0.72887,42.74087
Echo,42.24 km,Jul,213,1,6,23,44,Aug:1 Jul:1 Apr:1 May:0 Mar:0 Feb:0 Sep:0 Jun:0 Oct:0 Nov:0,6,https://www.xcontest.org/world/en/flights-search/?filter[point]=-0.7358%2042.74677&list[sort]=pts&list[dir]=down&filter[radius]=1000&list[num]=100,-0.7358,42.74677
El Tozal Gordo,55.4 km,Mar Oct,159,0,0,2,2,Mar:1 May:1 Apr:0 Aug:0 Jun:0 Jul:0 Sep:0 Jan:0 Dec:0 Nov:0 Feb:0 Oct:0,5,https://www.xcontest.org/world/en/flights-search/?filter[point]=0.25462%2042.15372&list[sort]=pts&list[dir]=down&filter[radius]=1000&list[num]=100,0.25462,42.15372
Accous,54.96 km,Aug Jul Sep Jun May Oct Mar,145,0,0,1,14,Aug:2 Jul:1 Sep:1 Jun:1 Oct:0 May:0 Jan:0 Mar:0,7,https://www.xcontest.org/world/en/flights-search/?filter[point]=-0.57145%2042.9815&list[sort]=pts&list[dir]=down&filter[radius]=1000&list[num]=100,-0.57145,42.9815
El Mont,55.77 km,Sep May Oct Jul Aug Nov Jun Apr Mar Feb Dec Jan,129,0,0,2,30,Sep:2 Aug:1 Jul:1 Dec:0 Nov:0 May:0 Apr:0 Oct:0 Mar:0 Feb:0 Jan:0 Jun:0,10,https://www.xcontest.org/world/en/flights-search/?filter[point]=2.70787%2042.25803&list[sort]=pts&list[dir]=down&filter[radius]=1000&list[num]=100,2.70787,42.25803
Rocacorba,70.87 km,Aug May Jun Jul Sep Mar Jan Apr Nov Feb Oct Dec,110,0,0,4,13,Jun:1 Aug:0 May:0 Jul:0 Mar:0 Feb:0 Nov:0 Sep:0 Jan:0 Dec:0 Apr:0 Oct:0,12,https://www.xcontest.org/world/en/flights-search/?filter[point]=2.68665%2042.07142&list[sort]=pts&list[dir]=down&filter[radius]=1000&list[num]=100,2.68665,42.07142
Prats,83.87 km,Oct Dec Jun Sep Nov Aug Feb Mar Jul Apr Jan May,110,0,0,3,11,Oct:1 Dec:1 Aug:1 Nov:1 Sep:1 Jun:0 Feb:0 Apr:0 Mar:0 Jan:0 May:0 Jul:0,8,https://www.xcontest.org/world/en/flights-search/?filter[point]=1.3728%2042.21308&list[sort]=pts&list[dir]=down&filter[radius]=1000&list[num]=100,1.3728,42.21308
Monlora,118.68 km,Jun May Apr Sep Oct Jul Feb Dec Mar Jan Nov Aug,98,0,4,12,25,Jun:0 Apr:0 Dec:0 Oct:0 May:0 Nov:0 Sep:0 Feb:0 Mar:0 Jul:0,4,https://www.xcontest.org/world/en/flights-search/?filter[point]=-0.922425%2042.132125&list[sort]=pts&list[dir]=down&filter[radius]=1000&list[num]=100,-0.922425,42.132125
Ayesa,38.67 km,Aug,92,0,1,8,24,Aug:1 Jun:0 May:0 Jul:0 Sep:0 Dec:0,7,https://www.xcontest.org/world/en/flights-search/?filter[point]=-1.530633%2042.696317&list[sort]=pts&list[dir]=down&filter[radius]=1000&list[num]=100,-1.530633,42.696317
,7.54 km,May Feb Jun,92,0,1,8,24,Aug:1 Jun:0 May:0 Jul:0 Sep:0 Dec:0,7,https://www.xcontest.org/world/en/flights-search/?filter[point]=-1.531217%2042.696617&list[sort]=pts&list[dir]=down&filter[radius]=1000&list[num]=100,-1.531217,42.696617
Higa de Monreal,102.26 km,Aug May Feb Jun Jul,92,0,1,8,24,Aug:1 Jun:0 May:0 Jul:0 Sep:0 Dec:0,7,https://www.xcontest.org/world/en/flights-search/?filter[point]=-1.53045%2042.69603&list[sort]=pts&list[dir]=down&filter[radius]=1000&list[num]=100,-1.53045,42.69603
monreal,10.93 km,Jul Aug,92,0,1,8,24,Aug:1 Jun:0 May:0 Jul:0 Sep:0 Dec:0,7,https://www.xcontest.org/world/en/flights-search/?filter[point]=-1.53052%2042.69612&list[sort]=pts&list[dir]=down&filter[radius]=1000&list[num]=100,-1.53052,42.69612
Higa,52.1 km,May Sep,92,0,1,8,24,Aug:1 Jun:0 May:0 Jul:0 Sep:0 Dec:0,7,https://www.xcontest.org/world/en/flights-search/?filter[point]=-1.53047%2042.69607&list[sort]=pts&list[dir]=down&filter[radius]=1000&list[num]=100,-1.53047,42.69607
higa de monreal,17.89 km,May,92,0,1,8,24,Aug:1 Jun:0 May:0 Jul:0 Sep:0 Dec:0,7,https://www.xcontest.org/world/en/flights-search/?filter[point]=-1.53127%2042.69667&list[sort]=pts&list[dir]=down&filter[radius]=1000&list[num]=100,-1.53127,42.69667
Durro (Vall ...,93.0 km,Apr,75,0,2,13,22,Apr:0 Jun:0 Aug:0 Nov:0 Oct:0 Jul:0 Mar:0,2,https://www.xcontest.org/world/en/flights-search/?filter[point]=0.84627%2042.49657&list[sort]=pts&list[dir]=down&filter[radius]=1000&list[num]=100,0.84627,42.49657
Boi,119.32 km,Apr Nov,74,0,2,13,22,Apr:0 Jun:0 Aug:0 Nov:0 Oct:0 Jul:0,2,https://www.xcontest.org/world/en/flights-search/?filter[point]=0.855517%2042.49155&list[sort]=pts&list[dir]=down&filter[radius]=1000&list[num]=100,0.855517,42.49155
Belagua,33.7 km,Sep Oct Feb Dec Jun Mar Nov,65,0,0,0,3,Oct:0 Dec:0 Jun:0 Sep:0 Feb:0 Apr:0 Jan:0 Jul:0 Mar:0,2,https://www.xcontest.org/world/en/flights-search/?filter[point]=-0.846633%2042.942133&list[sort]=pts&list[dir]=down&filter[radius]=1000&list[num]=100,-0.846633,42.942133
Vilanova de ...,131.03 km,Sep,65,0,3,10,24,Jun:0 Sep:0 May:0 Aug:0 Oct:0 Dec:0 Jul:0 Feb:0 Apr:0 Mar:0,3,https://www.xcontest.org/world/en/flights-search/?filter[point]=1.03243%2042.00278&list[sort]=pts&list[dir]=down&filter[radius]=1000&list[num]=100,1.03243,42.00278
Coll de Condreu,41.07 km,Sep Mar Oct Jun Jul Feb Apr May Nov,64,0,0,0,8,Mar:0 Sep:0 Jun:0 Jul:0 Apr:0 Oct:0 May:0 Feb:0 Nov:0 Jan:0 Aug:0,4,https://www.xcontest.org/world/en/flights-search/?filter[point]=2.52207%2042.03755&list[sort]=pts&list[dir]=down&filter[radius]=1000&list[num]=100,2.52207,42.03755
Pedraforca,25.58 km,Dec Oct Nov Feb Jul Aug May Jan Mar Sep Jun,59,0,0,0,5,Dec:1 Nov:1 Oct:0 Aug:0 Feb:0 Jul:0 Jan:0 Sep:0 May:0 Jun:0,4,https://www.xcontest.org/world/en/flights-search/?filter[point]=1.703708%2042.237233&list[sort]=pts&list[dir]=down&filter[radius]=1000&list[num]=100,1.703708,42.237233
Niclade,62.91 km,Aug May Sep Mar Jan Jul Apr Oct Nov,57,0,0,2,5,Apr:0 Mar:0 Sep:0 May:0 Jul:0 Jun:0 Aug:0 Jan:0 Nov:0 Oct:0 Feb:0,6,https://www.xcontest.org/world/en/flights-search/?filter[point]=0.16792%2042.9981&list[sort]=pts&list[dir]=down&filter[radius]=1000&list[num]=100,0.16792,42.9981
Col de la Co...,9.22 km,Jun,57,0,0,2,5,Apr:0 Mar:0 Sep:0 May:0 Jul:0 Jun:0 Aug:0 Jan:0 Nov:0 Oct:0 Feb:0,6,https://www.xcontest.org/world/en/flights-search/?filter[point]=0.16815%2042.997983&list[sort]=pts&list[dir]=down&filter[radius]=1000&list[num]=100,0.16815,42.997983
Col de Niclade,21.16 km,Apr Mar,57,0,0,2,5,Apr:0 Mar:0 Sep:0 May:0 Jul:0 Jun:0 Aug:0 Jan:0 Nov:0 Oct:0 Feb:0,6,https://www.xcontest.org/world/en/flights-search/?filter[point]=0.16803%2042.998&list[sort]=pts&list[dir]=down&filter[radius]=1000&list[num]=100,0.16803,42.998
Le courouaou,11.33 km,Jun,57,0,0,2,5,Apr:0 Mar:0 Sep:0 May:0 Jul:0 Jun:0 Aug:0 Jan:0 Nov:0 Oct:0 Feb:0,6,https://www.xcontest.org/world/en/flights-search/?filter[point]=0.16817%2042.99788&list[sort]=pts&list[dir]=down&filter[radius]=1000&list[num]=100,0.16817,42.99788
Campan,5.53 km,May,57,0,0,2,5,Apr:0 Mar:0 Sep:0 May:0 Jul:0 Jun:0 Aug:0 Jan:0 Nov:0 Oct:0 Feb:0,6,https://www.xcontest.org/world/en/flights-search/?filter[point]=0.1681%2042.99802&list[sort]=pts&list[dir]=down&filter[radius]=1000&list[num]=100,0.1681,42.99802
Ceret,80.38 km,Sep Jun Jul Aug May Apr Oct Jan Mar,55,0,0,4,24,Aug:0 Jun:0 Jul:0 Apr:0 Sep:0 May:0 Oct:0 Mar:0 Jan:0,4,https://www.xcontest.org/world/en/flights-search/?filter[point]=2.7678%2042.45903&list[sort]=pts&list[dir]=down&filter[radius]=1000&list[num]=100,2.7678,42.45903
Prat d'Albis,142.05 km,Jul May Apr Sep Mar Aug Oct Jun Feb,54,0,1,3,10,Jul:0 Apr:0 Mar:0 Sep:0 May:0 Aug:0 Oct:0 Jun:0 Feb:0,3,https://www.xcontest.org/world/en/flights-search/?filter[point]=1.5815%2042.92178&list[sort]=pts&list[dir]=down&filter[radius]=1000&list[num]=100,1.5815,42.92178
Talló,29.73 km,Dec,54,0,0,0,2,Dec:1 Sep:0 Jan:0 Oct:0 May:0 Nov:0 Apr:0 Mar:0 Aug:0 Jul:0,4,https://www.xcontest.org/world/en/flights-search/?filter[point]=2.4472%2042.2803&list[sort]=pts&list[dir]=down&filter[radius]=1000&list[num]=100,2.4472,42.2803
Coumelyse,27.14 km,Aug,54,0,0,6,15,Aug:1 Sep:1 Jun:1 Jul:1 Oct:0,7,https://www.xcontest.org/world/en/flights-search/?filter[point]=0.1429%2042.91068&list[sort]=pts&list[dir]=down&filter[radius]=1000&list[num]=100,0.1429,42.91068
Col du Tourm...,17.5 km,Sep,54,0,0,6,15,Aug:1 Sep:1 Jun:1 Jul:1 Oct:0,7,https://www.xcontest.org/world/en/flights-search/?filter[point]=0.14307%2042.91033&list[sort]=pts&list[dir]=down&filter[radius]=1000&list[num]=100,0.14307,42.91033
coumelyse,10.35 km,Sep,54,0,0,6,15,Aug:1 Sep:1 Jun:1 Jul:1 Oct:0,7,https://www.xcontest.org/world/en/flights-search/?filter[point]=0.144283%2042.910917&list[sort]=pts&list[dir]=down&filter[radius]=1000&list[num]=100,0.144283,42.910917
Panticosa,43.85 km,Jul Mar,51,0,0,0,10,Jul:1 Mar:0 Aug:0 Feb:0 Sep:0 Oct:0 Jun:0,4,https://www.xcontest.org/world/en/flights-search/?filter[point]=-0.28222%2042.70085&list[sort]=pts&list[dir]=down&filter[radius]=1000&list[num]=100,-0.28222,42.70085
Tourmalet,93.29 km,Aug Sep Jul Jun Oct,51,0,0,5,14,Aug:1 Sep:1 Jul:1 Jun:0 Oct:0,6,https://www.xcontest.org/world/en/flights-search/?filter[point]=0.1425%2042.916117&list[sort]=pts&list[dir]=down&filter[radius]=1000&list[num]=100,0.1425,42.916117
Puigllançada,52.65 km,Dec,51,0,0,1,8,Dec:1 Mar:0 Jul:0 Aug:0 May:0 Apr:0 Nov:0 Feb:0,2,https://www.xcontest.org/world/en/flights-search/?filter[point]=1.934967%2042.29965&list[sort]=pts&list[dir]=down&filter[radius]=1000&list[num]=100,1.934967,42.29965
Izaga,40.44 km,Jun,50,0,0,2,16,Aug:0 Dec:0 Sep:0 Oct:0 May:0,2,https://www.xcontest.org/world/en/flights-search/?filter[point]=-1.430133%2042.712483&list[sort]=pts&list[dir]=down&filter[radius]=1000&list[num]=100,-1.430133,42.712483
Peña Izaga,59.05 km,May,50,0,0,2,16,Aug:0 Dec:0 Sep:0 Oct:0 May:0,2,https://www.xcontest.org/world/en/flights-search/?filter[point]=-1.42962%2042.71125&list[sort]=pts&list[dir]=down&filter[radius]=1000&list[num]=100,-1.42962,42.71125
X,25.32 km,Jun,50,0,0,2,16,Aug:0 Dec:0 Sep:0 Oct:0 May:0,2,https://www.xcontest.org/world/en/flights-search/?filter[point]=-1.43315%2042.71323&list[sort]=pts&list[dir]=down&filter[radius]=1000&list[num]=100,-1.43315,42.71323
izaga,3.47 km,Aug,50,0,0,2,16,Aug:0 Dec:0 Sep:0 Oct:0 May:0,2,https://www.xcontest.org/world/en/flights-search/?filter[point]=-1.429917%2042.712167&list[sort]=pts&list[dir]=down&filter[radius]=1000&list[num]=100,-1.429917,42.712167
Batère,111.75 km,Apr Jun Sep May Aug Oct Mar Jul Nov,46,0,2,10,19,Apr:0 Sep:0 Jun:0 Oct:0 Aug:0 Jul:0 Mar:0 Nov:0 Feb:0 May:0,3,https://www.xcontest.org/world/en/flights-search/?filter[point]=2.5489%2042.503567&list[sort]=pts&list[dir]=down&filter[radius]=1000&list[num]=100,2.5489,42.503567
Comanegra,40.17 km,Dec Oct Sep Mar Nov Jan Jun Feb,46,0,0,0,6,Dec:0 Oct:0 Nov:0 Mar:0 Jan:0 Sep:0 Jun:0,3,https://www.xcontest.org/world/en/flights-search/?filter[point]=2.525883%2042.332183&list[sort]=pts&list[dir]=down&filter[radius]=1000&list[num]=100,2.525883,42.332183
batére,12.2 km,Feb,46,0,2,10,19,Apr:0 Sep:0 Jun:0 Oct:0 Aug:0 Jul:0 Mar:0 Nov:0 Feb:0 May:0,3,https://www.xcontest.org/world/en/flights-search/?filter[point]=2.54233%2042.5067&list[sort]=pts&list[dir]=down&filter[radius]=1000&list[num]=100,2.54233,42.5067
Port de l'Hers,68.34 km,May Aug Jun Sep,44,0,0,1,13,Aug:1 Sep:0 Jun:0 May:0 Apr:0 Mar:0,3,https://www.xcontest.org/world/en/flights-search/?filter[point]=1.39327%2042.8126&list[sort]=pts&list[dir]=down&filter[radius]=1000&list[num]=100,1.39327,42.8126
Peyrepertuse,47.97 km,Jun Sep Oct Mar Aug Apr Nov Jul May Dec,39,0,0,0,11,Sep:0 Mar:0 Oct:0 Nov:0 Aug:0 Apr:0 Dec:0 May:0 Jun:0,6,https://www.xcontest.org/world/en/flights-search/?filter[point]=2.5598%2042.86922&list[sort]=pts&list[dir]=down&filter[radius]=1000&list[num]=100,2.5598,42.86922
Coll de la C...,178.97 km,Oct Aug Mar May Apr Jul Dec Jun,36,0,4,20,25,Oct:0 Aug:0 Dec:0 Jul:0 May:0 Jun:0 Apr:0 Mar:0,2,https://www.xcontest.org/world/en/flights-search/?filter[point]=1.99255%2042.29755&list[sort]=pts&list[dir]=down&filter[radius]=1000&list[num]=100,1.99255,42.29755
Céret,49.5 km,Sep Jun Oct Apr Feb Mar Jul Aug Nov May,36,0,0,0,16,Sep:0 Jun:0 Apr:0 Jul:0 Nov:0 Oct:0 Jan:0 Mar:0,2,https://www.xcontest.org/world/en/flights-search/?filter[point]=2.76468%2042.45008&list[sort]=pts&list[dir]=down&filter[radius]=1000&list[num]=100,2.76468,42.45008
Blancas,84.51 km,Apr,35,0,0,25,32,Apr:0 Jul:0,3,https://www.xcontest.org/world/en/flights-search/?filter[point]=-0.581817%2042.706183&list[sort]=pts&list[dir]=down&filter[radius]=1000&list[num]=100,-0.581817,42.706183
Puigsacalm,31.88 km,May Dec Jan Nov Sep Jun Jul Apr,35,0,0,0,5,Dec:0 Sep:0 Nov:0 May:0 Jan:0 Jul:0 Jun:0 Apr:0,3,https://www.xcontest.org/world/en/flights-search/?filter[point]=2.398633%2042.130967&list[sort]=pts&list[dir]=down&filter[radius]=1000&list[num]=100,2.398633,42.130967
Idoate,4.68 km,Jun Jul Mar Nov Aug Jan,33,0,0,0,1,Jul:0 Aug:0 Oct:0 Jan:0 Jun:0 May:0 Mar:0 Apr:0,9,https://www.xcontest.org/world/en/flights-search/?filter[point]=-1.47953%2042.77543&list[sort]=pts&list[dir]=down&filter[radius]=1000&list[num]=100,-1.47953,42.77543
Hecho remirez,45.14 km,Mar,33,0,3,9,20,Aug:0 Jun:0 Dec:0 Mar:0 Jul:0 May:0,1,https://www.xcontest.org/world/en/flights-search/?filter[point]=-0.708833%2042.75635&list[sort]=pts&list[dir]=down&filter[radius]=1000&list[num]=100,-0.708833,42.75635
Heicho,84.38 km,Aug,32,0,3,9,20,Jun:0 Aug:0 Dec:0 Mar:0 Jul:0 May:0,2,https://www.xcontest.org/world/en/flights-search/?filter[point]=-0.71283%2042.75287&list[sort]=pts&list[dir]=down&filter[radius]=1000&list[num]=100,-0.71283,42.75287
Coll de Pal,132.27 km,Jul Mar Apr Aug,31,0,3,6,14,Jul:0 Oct:0 Aug:0 Jun:0 Mar:0 Dec:0 Apr:0,2,https://www.xcontest.org/world/en/flights-search/?filter[point]=1.91677%2042.29943&list[sort]=pts&list[dir]=down&filter[radius]=1000&list[num]=100,1.91677,42.29943
Coll de pal,27.63 km,Jul Oct,31,0,3,6,14,Jul:0 Oct:0 Aug:0 Jun:0 Mar:0 Dec:0 Apr:0,2,https://www.xcontest.org/world/en/flights-search/?filter[point]=1.9175%2042.29908&list[sort]=pts&list[dir]=down&filter[radius]=1000&list[num]=100,1.9175,42.29908
Guardador Beret,20.12 km,Sep,31,0,0,4,10,Jun:0 Oct:0 May:0 Apr:0 Jul:0 Jan:0 Nov:0 Sep:0,7,https://www.xcontest.org/world/en/flights-search/?filter[point]=0.92518%2042.70928&list[sort]=pts&list[dir]=down&filter[radius]=1000&list[num]=100,0.92518,42.70928
COLL DE PAL,89.32 km,Apr,31,0,3,6,14,Jul:0 Oct:0 Aug:0 Jun:0 Mar:0 Dec:0 Apr:0,2,https://www.xcontest.org/world/en/flights-search/?filter[point]=1.91668%2042.3008&list[sort]=pts&list[dir]=down&filter[radius]=1000&list[num]=100,1.91668,42.3008
Santa Fe,122.11 km,Jun Oct Feb Mar Nov Dec Aug Sep May,30,0,1,9,17,Jun:0 Feb:0 Oct:0 Sep:0 Dec:0 Aug:0 Nov:0 May:0,3,https://www.xcontest.org/world/en/flights-search/?filter[point]=1.30003%2042.207958&list[sort]=pts&list[dir]=down&filter[radius]=1000&list[num]=100,1.30003,42.207958
coll de pal,19.53 km,Aug Apr,30,0,3,6,14,Jul:0 Oct:0 Aug:0 Jun:0 Mar:0 Dec:0 Apr:0,2,https://www.xcontest.org/world/en/flights-search/?filter[point]=1.913917%2042.300533&list[sort]=pts&list[dir]=down&filter[radius]=1000&list[num]=100,1.913917,42.300533
Les Salines,19.36 km,Oct Dec,29,0,0,0,0,Jun:0 Dec:0 Nov:0 Oct:0 Apr:0,2,https://www.xcontest.org/world/en/flights-search/?filter[point]=2.73015%2042.42252&list[sort]=pts&list[dir]=down&filter[radius]=1000&list[num]=100,2.73015,42.42252
Cervin,38.27 km,Sep Aug,29,0,0,1,6,Aug:1 Sep:0 Oct:0 Jun:0 Jul:0,2,https://www.xcontest.org/world/en/flights-search/?filter[point]=0.41285%2042.44055&list[sort]=pts&list[dir]=down&filter[radius]=1000&list[num]=100,0.41285,42.44055
Cerbin,80.07 km,Jun Sep Feb Aug,29,0,0,1,6,Aug:1 Sep:0 Oct:0 Jun:0 Jul:0,2,https://www.xcontest.org/world/en/flights-search/?filter[point]=0.412617%2042.44035&list[sort]=pts&list[dir]=down&filter[radius]=1000&list[num]=100,0.412617,42.44035
"Cervin,ES",9.27 km,Aug Sep,29,0,0,1,6,Aug:1 Sep:0 Oct:0 Jun:0 Jul:0,2,https://www.xcontest.org/world/en/flights-search/?filter[point]=0.406533%2042.441383&list[sort]=pts&list[dir]=down&filter[radius]=1000&list[num]=100,0.406533,42.441383
creueta,67.84 km,Oct,29,0,4,17,20,Oct:0 Aug:0 Dec:0 Jul:0 May:0 Jun:0 Apr:0 Mar:0,2,https://www.xcontest.org/world/en/flights-search/?filter[point]=1.99537%2042.28948&list[sort]=pts&list[dir]=down&filter[radius]=1000&list[num]=100,1.99537,42.28948
Gallina pelada,27.73 km,Sep,27,0,0,0,9,Sep:0 Oct:0 Jun:0,2,https://www.xcontest.org/world/en/flights-search/?filter[point]=1.737967%2042.189417&list[sort]=pts&list[dir]=down&filter[radius]=1000&list[num]=100,1.737967,42.189417
Gallina Pelada,27.24 km,Sep,27,0,0,0,9,Sep:0 Oct:0 Jun:0,2,https://www.xcontest.org/world/en/flights-search/?filter[point]=1.73793%2042.18938&list[sort]=pts&list[dir]=down&filter[radius]=1000&list[num]=100,1.73793,42.18938
gallina pelada,27.75 km,Sep Jun,27,0,0,0,9,Sep:0 Oct:0 Jun:0,2,https://www.xcontest.org/world/en/flights-search/?filter[point]=1.738%2042.1894&list[sort]=pts&list[dir]=down&filter[radius]=1000&list[num]=100,1.738,42.1894
gallina pelada,16.82 km,Sep Jun,27,0,0,0,9,Sep:0 Oct:0 Jun:0,2,https://www.xcontest.org/world/en/flights-search/?filter[point]=1.73798%2042.18938&list[sort]=pts&list[dir]=down&filter[radius]=1000&list[num]=100,1.73798,42.18938
Superbagnèr...,194.3 km,Jun May Aug,26,0,13,24,26,Aug:0 Jun:0 Jul:0 Oct:0 Sep:0,5,https://www.xcontest.org/world/en/flights-search/?filter[point]=0.55097%2042.75725&list[sort]=pts&list[dir]=down&filter[radius]=1000&list[num]=100,0.55097,42.75725
Les Angles,100.85 km,Aug,26,0,1,3,9,Aug:1 Jul:0 Apr:0 Feb:0 Dec:0 Nov:0,4,https://www.xcontest.org/world/en/flights-search/?filter[point]=2.05655%2042.57143&list[sort]=pts&list[dir]=down&filter[radius]=1000&list[num]=100,2.05655,42.57143
Ensija,9.79 km,Jan Sep Dec Jun Mar Apr Oct Nov Feb,26,0,0,0,0,Sep:0 Jan:0 Jun:0 Dec:0 Nov:0 Feb:0 Mar:0 Apr:0,1,https://www.xcontest.org/world/en/flights-search/?filter[point]=1.75337%2042.1828&list[sort]=pts&list[dir]=down&filter[radius]=1000&list[num]=100,1.75337,42.1828
Catllar,4.34 km,Feb Jun,26,0,0,0,0,Dec:0 Aug:0 Jul:0,3,https://www.xcontest.org/world/en/flights-search/?filter[point]=2.1701%2042.19143&list[sort]=pts&list[dir]=down&filter[radius]=1000&list[num]=100,2.1701,42.19143
El Catllar,2.85 km,Dec,26,0,0,0,0,Dec:0 Aug:0 Jul:0,3,https://www.xcontest.org/world/en/flights-search/?filter[point]=2.16997%2042.1915&list[sort]=pts&list[dir]=down&filter[radius]=1000&list[num]=100,2.16997,42.1915
Cerverís,33.08 km,Dec,24,0,0,0,1,Dec:0 Jun:0 Jan:0 Nov:0 Sep:0 Apr:0 Feb:0,2,https://www.xcontest.org/world/en/flights-search/?filter[point]=2.222402%2042.337168&list[sort]=pts&list[dir]=down&filter[radius]=1000&list[num]=100,2.222402,42.337168
Llisat,27.2 km,Aug,24,0,1,3,5,Sep:0 Aug:0 Jul:0 Oct:0 Jun:0,2,https://www.xcontest.org/world/en/flights-search/?filter[point]=0.42542%2042.55903&list[sort]=pts&list[dir]=down&filter[radius]=1000&list[num]=100,0.42542,42.55903
Puigmal,15.3 km,Dec Nov,23,0,0,0,0,Dec:0 Nov:0 Oct:0 Mar:0 Jan:0,2,https://www.xcontest.org/world/en/flights-search/?filter[point]=2.11922%2042.38163&list[sort]=pts&list[dir]=down&filter[radius]=1000&list[num]=100,2.11922,42.38163
Tossa d'Alp,123.0 km,Nov Jul Dec Apr Jan Sep Feb Oct Aug,23,0,1,1,2,Dec:0 Jul:0 Apr:0 Oct:0 Nov:0 Jan:0 Aug:0 Feb:0,2,https://www.xcontest.org/world/en/flights-search/?filter[point]=1.8945%2042.32197&list[sort]=pts&list[dir]=down&filter[radius]=1000&list[num]=100,1.8945,42.32197
Castejon de ...,9.51 km,Sep Aug Jun,23,0,0,2,4,Sep:0 Aug:0 Jul:0 Oct:0 Jun:0,2,https://www.xcontest.org/world/en/flights-search/?filter[point]=0.42962%2042.55943&list[sort]=pts&list[dir]=down&filter[radius]=1000&list[num]=100,0.42962,42.55943
Castejon Air...,9.68 km,Sep,23,0,0,2,4,Sep:0 Aug:0 Jul:0 Oct:0 Jun:0,2,https://www.xcontest.org/world/en/flights-search/?filter[point]=0.429667%2042.55885&list[sort]=pts&list[dir]=down&filter[radius]=1000&list[num]=100,0.429667,42.55885
200m tourmalet,19.78 km,Jun,23,0,0,0,0,Aug:1 Jun:0 Jul:0 May:0 Sep:0,4,https://www.xcontest.org/world/en/flights-search/?filter[point]=0.109517%2042.90475&list[sort]=pts&list[dir]=down&filter[radius]=1000&list[num]=100,0.109517,42.90475
"La Recta , A...",1.81 km,May,22,0,0,0,0,Dec:0 Oct:0 May:0 Sep:0 Mar:0 Feb:0 Jan:0,2,https://www.xcontest.org/world/en/flights-search/?filter[point]=-1.5763%2042.11032&list[sort]=pts&list[dir]=down&filter[radius]=1000&list[num]=100,-1.5763,42.11032
la recta arg...,8.03 km,Dec Mar,22,0,0,0,0,Dec:0 Oct:0 May:0 Sep:0 Mar:0 Feb:0 Jan:0,2,https://www.xcontest.org/world/en/flights-search/?filter[point]=-1.57625%2042.10997&list[sort]=pts&list[dir]=down&filter[radius]=1000&list[num]=100,-1.57625,42.10997
"Barèges ""Le...",8.47 km,Jun,22,0,0,0,0,Aug:1 Jul:0 Jun:0 May:0 Sep:0,4,https://www.xcontest.org/world/en/flights-search/?filter[point]=0.10973%2042.90452&list[sort]=pts&list[dir]=down&filter[radius]=1000&list[num]=100,0.10973,42.90452
Moixeró,55.82 km,Nov Feb Jan Dec,21,0,0,1,8,Feb:0 Dec:0 Jan:0 Nov:0 Mar:0,2,https://www.xcontest.org/world/en/flights-search/?filter[point]=1.83348%2042.30248&list[sort]=pts&list[dir]=down&filter[radius]=1000&list[num]=100,1.83348,42.30248
xpyr day5,55.22 km,Jun,20,0,0,5,9,Jun:1 Aug:0 Sep:0 Jul:0,2,https://www.xcontest.org/world/en/flights-search/?filter[point]=0.14757%2042.90763&list[sort]=pts&list[dir]=down&filter[radius]=1000&list[num]=100,0.14757,42.90763
alp,28.08 km,Jun,20,0,0,0,13,Aug:0 Jun:0 Dec:0 Apr:0 Oct:0,2,https://www.xcontest.org/world/en/flights-search/?filter[point]=1.81198%2042.45148&list[sort]=pts&list[dir]=down&filter[radius]=1000&list[num]=100,1.81198,42.45148
Estavar,27.39 km,Jun,20,0,0,0,13,Aug:0 Jun:0 Dec:0 Apr:0 Oct:0,2,https://www.xcontest.org/world/en/flights-search/?filter[point]=1.81227%2042.45118&list[sort]=pts&list[dir]=down&filter[radius]=1000&list[num]=100,1.81227,42.45118
Meranges,27.0 km,Jun,20,0,0,0,13,Aug:0 Jun:0 Dec:0 Apr:0 Oct:0,2,https://www.xcontest.org/world/en/flights-search/?filter[point]=1.81192%2042.45183&list[sort]=pts&list[dir]=down&filter[radius]=1000&list[num]=100,1.81192,42.45183
Marenges,17.9 km,Aug,20,0,0,0,13,Aug:0 Jun:0 Dec:0 Apr:0 Oct:0,2,https://www.xcontest.org/world/en/flights-search/?filter[point]=1.81205%2042.4512&list[sort]=pts&list[dir]=down&filter[radius]=1000&list[num]=100,1.81205,42.4512
Hautacam Ber...,11.82 km,Dec Oct,19,0,0,0,1,Oct:0 Dec:0 Sep:0,2,https://www.xcontest.org/world/en/flights-search/?filter[point]=-0.004508%2042.973292&list[sort]=pts&list[dir]=down&filter[radius]=1000&list[num]=100,-0.004508,42.973292
Hautacam la ...,20.03 km,Oct,19,0,0,0,1,Oct:0 Dec:0 Sep:0,2,https://www.xcontest.org/world/en/flights-search/?filter[point]=-0.00222%2042.96915&list[sort]=pts&list[dir]=down&filter[radius]=1000&list[num]=100,-0.00222,42.96915
"Loma Negra, ...",8.12 km,Jan Oct,19,0,0,0,0,Oct:0 Mar:0 Jun:0 Feb:0 Nov:0 May:0 Aug:0,2,https://www.xcontest.org/world/en/flights-search/?filter[point]=-1.39863%2042.0627&list[sort]=pts&list[dir]=down&filter[radius]=1000&list[num]=100,-1.39863,42.0627
hautacam,13.43 km,Oct,19,0,0,0,1,Oct:0 Dec:0 Sep:0,2,https://www.xcontest.org/world/en/flights-search/?filter[point]=-0.002467%2042.969117&list[sort]=pts&list[dir]=down&filter[radius]=1000&list[num]=100,-0.002467,42.969117
Pessonada,52.09 km,Nov Oct Feb May,18,0,0,1,4,Nov:0 Feb:0 May:0 Aug:0 Oct:0 Mar:0 Dec:0,3,https://www.xcontest.org/world/en/flights-search/?filter[point]=1.0248%2042.21915&list[sort]=pts&list[dir]=down&filter[radius]=1000&list[num]=100,1.0248,42.21915
La Coma del ...,36.59 km,Oct,18,0,0,0,2,Oct:0 Aug:0 Dec:0 Jul:0 Nov:0 Jan:0,1,https://www.xcontest.org/world/en/flights-search/?filter[point]=2.183717%2042.397483&list[sort]=pts&list[dir]=down&filter[radius]=1000&list[num]=100,2.183717,42.397483
pla d'adet,84.45 km,Aug,18,0,0,3,3,Aug:0 Jul:0,1,https://www.xcontest.org/world/en/flights-search/?filter[point]=0.29827%2042.8137&list[sort]=pts&list[dir]=down&filter[radius]=1000&list[num]=100,0.29827,42.8137
Pla d'adet (...,7.05 km,Aug,18,0,0,3,3,Aug:0 Jul:0,1,https://www.xcontest.org/world/en/flights-search/?filter[point]=0.29838%2042.8135&list[sort]=pts&list[dir]=down&filter[radius]=1000&list[num]=100,0.29838,42.8135
Pla d'Adet,11.98 km,Jul Aug,18,0,0,3,3,Aug:0 Jul:0,1,https://www.xcontest.org/world/en/flights-search/?filter[point]=0.29812%2042.81357&list[sort]=pts&list[dir]=down&filter[radius]=1000&list[num]=100,0.29812,42.81357
Plat d'...,4.1 km,Aug,18,0,0,3,3,Aug:0 Jul:0,1,https://www.xcontest.org/world/en/flights-search/?filter[point]=0.2999%2042.816&list[sort]=pts&list[dir]=down&filter[radius]=1000&list[num]=100,0.2999,42.816
Moulis,72.46 km,Jun May Sep Apr Aug Oct,17,0,0,2,8,Sep:0 Apr:0 May:0 Jun:0 Aug:0,1,https://www.xcontest.org/world/en/flights-search/?filter[point]=1.101012%2042.95216&list[sort]=pts&list[dir]=down&filter[radius]=1000&list[num]=100,1.101012,42.95216
Guardador de...,12.3 km,Jun,17,0,0,1,2,Jun:0 Apr:0 Jan:0 Sep:0,4,https://www.xcontest.org/world/en/flights-search/?filter[point]=0.92342%2042.70947&list[sort]=pts&list[dir]=down&filter[radius]=1000&list[num]=100,0.92342,42.70947
Mirador Beret,2.61 km,Jun,17,0,0,1,2,Jun:0 Apr:0 Jan:0 Sep:0,4,https://www.xcontest.org/world/en/flights-search/?filter[point]=0.922167%2042.708983&list[sort]=pts&list[dir]=down&filter[radius]=1000&list[num]=100,0.922167,42.708983
Vallee du lo...,24.99 km,Apr Jun,16,0,0,2,4,Oct:0 Nov:0 Jun:0,1,https://www.xcontest.org/world/en/flights-search/?filter[point]=0.45085%2042.7721&list[sort]=pts&list[dir]=down&filter[radius]=1000&list[num]=100,0.45085,42.7721
garin,23.15 km,May,16,0,1,2,4,Sep:0 May:0 Aug:0 Jun:0,1,https://www.xcontest.org/world/en/flights-search/?filter[point]=0.488733%2042.799&list[sort]=pts&list[dir]=down&filter[radius]=1000&list[num]=100,0.488733,42.799
Val Louron,66.89 km,Jul Jun Aug,15,0,0,2,4,Oct:0 Jun:0,1,https://www.xcontest.org/world/en/flights-search/?filter[point]=0.45617%2042.77408&list[sort]=pts&list[dir]=down&filter[radius]=1000&list[num]=100,0.45617,42.77408
Santa Orosia,26.01 km,Aug Jun Nov,15,0,2,3,6,Aug:0 Jun:0 Dec:0 Sep:0 Apr:0,2,https://www.xcontest.org/world/en/flights-search/?filter[point]=-0.29215%2042.51947&list[sort]=pts&list[dir]=down&filter[radius]=1000&list[num]=100,-0.29215,42.51947
Santa orosia,11.46 km,Aug Jan Dec,15,0,2,3,6,Aug:0 Jun:0 Dec:0 Sep:0 Apr:0,2,https://www.xcontest.org/world/en/flights-search/?filter[point]=-0.29218%2042.51942&list[sort]=pts&list[dir]=down&filter[radius]=1000&list[num]=100,-0.29218,42.51942
"Santa Orosia,ES",148.42 km,Jun Feb,15,0,2,3,6,Aug:0 Jun:0 Dec:0 Sep:0 Apr:0,2,https://www.xcontest.org/world/en/flights-search/?filter[point]=-0.29075%2042.518733&list[sort]=pts&list[dir]=down&filter[radius]=1000&list[num]=100,-0.29075,42.518733
Vilamur,15.44 km,Aug,15,0,0,0,1,Aug:0 Jun:0 Oct:0,1,https://www.xcontest.org/world/en/flights-search/?filter[point]=1.16395%2042.39262&list[sort]=pts&list[dir]=down&filter[radius]=1000&list[num]=100,1.16395,42.39262
santa orosia,50.84 km,Sep,15,0,2,3,6,Aug:0 Jun:0 Dec:0 Sep:0 Apr:0,2,https://www.xcontest.org/world/en/flights-search/?filter[point]=-0.29093%2042.51857&list[sort]=pts&list[dir]=down&filter[radius]=1000&list[num]=100,-0.29093,42.51857
Cap de Pales,7.68 km,Oct,15,0,0,2,4,Oct:0 Jun:0,1,https://www.xcontest.org/world/en/flights-search/?filter[point]=0.45417%2042.77152&list[sort]=pts&list[dir]=down&filter[radius]=1000&list[num]=100,0.45417,42.77152
Oô,4.98 km,Feb,15,0,1,2,4,Sep:0 May:0 Jun:0 Aug:0,1,https://www.xcontest.org/world/en/flights-search/?filter[point]=0.49055%2042.79953&list[sort]=pts&list[dir]=down&filter[radius]=1000&list[num]=100,0.49055,42.79953
Oô 600,2.49 km,Sep,15,0,1,2,4,Sep:0 May:0 Jun:0 Aug:0,1,https://www.xcontest.org/world/en/flights-search/?filter[point]=0.49057%2042.79945&list[sort]=pts&list[dir]=down&filter[radius]=1000&list[num]=100,0.49057,42.79945
unknown,16.07 km,Jun,14,0,0,0,0,Jun:0 Dec:0 Oct:0 Aug:0 Jan:0 Nov:0 May:0,1,https://www.xcontest.org/world/en/flights-search/?filter[point]=2.2189%2042.36287&list[sort]=pts&list[dir]=down&filter[radius]=1000&list[num]=100,2.2189,42.36287
Tierz,6.68 km,Jun Jan,14,0,0,0,0,Dec:0 Sep:0 Jan:0,2,https://www.xcontest.org/world/en/flights-search/?filter[point]=-0.33702%2042.13092&list[sort]=pts&list[dir]=down&filter[radius]=1000&list[num]=100,-0.33702,42.13092
Sant Gervàs,134.88 km,Sep Oct Jul Feb Jun Aug May,13,0,2,7,12,Aug:0 May:0 Feb:0 Oct:0 Sep:0 Jul:0 Jun:0,3,https://www.xcontest.org/world/en/flights-search/?filter[point]=0.84495%2042.31337&list[sort]=pts&list[dir]=down&filter[radius]=1000&list[num]=100,0.84495,42.31337
Brocà,82.02 km,Oct Jun May,13,0,0,3,6,Jun:0 Oct:0 Jul:0 Aug:0 May:0,2,https://www.xcontest.org/world/en/flights-search/?filter[point]=1.88925%2042.25727&list[sort]=pts&list[dir]=down&filter[radius]=1000&list[num]=100,1.88925,42.25727
El Xiringuito,5.42 km,May,13,0,0,0,1,May:0 Aug:0 Jul:0,1,https://www.xcontest.org/world/en/flights-search/?filter[point]=0.97377%2042.22137&list[sort]=pts&list[dir]=down&filter[radius]=1000&list[num]=100,0.97377,42.22137
Calbinyà,50.28 km,Aug Jun,13,0,0,5,7,Jun:0 Jul:0 Aug:0 Sep:0 Feb:0,1,https://www.xcontest.org/world/en/flights-search/?filter[point]=1.47365%2042.378817&list[sort]=pts&list[dir]=down&filter[radius]=1000&list[num]=100,1.47365,42.378817
Bergueda,13.15 km,Jun Jul,13,0,0,3,6,Jun:0 Oct:0 Jul:0 Aug:0 May:0,2,https://www.xcontest.org/world/en/flights-search/?filter[point]=1.89232%2042.25598&list[sort]=pts&list[dir]=down&filter[radius]=1000&list[num]=100,1.89232,42.25598
Calvinya,83.37 km,Jun,13,0,0,5,7,Jun:0 Jul:0 Aug:0 Sep:0 Feb:0,1,https://www.xcontest.org/world/en/flights-search/?filter[point]=1.47365%2042.3788&list[sort]=pts&list[dir]=down&filter[radius]=1000&list[num]=100,1.47365,42.3788
Cambre d'aze,4.68 km,Nov,13,0,0,1,1,Oct:0 Jun:0 Feb:0 Nov:0,1,https://www.xcontest.org/world/en/flights-search/?filter[point]=2.11708%2042.4597&list[sort]=pts&list[dir]=down&filter[radius]=1000&list[num]=100,2.11708,42.4597
Cambre d´Azze,4.03 km,Nov,13,0,0,1,1,Oct:0 Jun:0 Feb:0 Nov:0,1,https://www.xcontest.org/world/en/flights-search/?filter[point]=2.12017%2042.45675&list[sort]=pts&list[dir]=down&filter[radius]=1000&list[num]=100,2.12017,42.45675
cambredaze,3.94 km,Nov,13,0,0,1,1,Oct:0 Jun:0 Feb:0 Nov:0,1,https://www.xcontest.org/world/en/flights-search/?filter[point]=2.12%2042.45568&list[sort]=pts&list[dir]=down&filter[radius]=1000&list[num]=100,2.12,42.45568
"Oroel,ES",60.46 km,Jun Sep,12,0,0,1,6,Sep:0 Jun:0 Mar:0,2,https://www.xcontest.org/world/en/flights-search/?filter[point]=-0.542817%2042.520083&list[sort]=pts&list[dir]=down&filter[radius]=1000&list[num]=100,-0.542817,42.520083
Cambre d'Aze,78.37 km,Oct,12,0,0,1,1,Oct:0 Jun:0 Nov:0,1,https://www.xcontest.org/world/en/flights-search/?filter[point]=2.1229%2042.45437&list[sort]=pts&list[dir]=down&filter[radius]=1000&list[num]=100,2.1229,42.45437
Arrout,91.7 km,Apr,11,0,0,6,11,Apr:0 Mar:0 May:0 Feb:0 Aug:0,2,https://www.xcontest.org/world/en/flights-search/?filter[point]=1.014642%2042.943397&list[sort]=pts&list[dir]=down&filter[radius]=1000&list[num]=100,1.014642,42.943397
Aneto,130.07 km,Mar May Jul Jun Feb,11,0,4,5,8,Mar:0 Oct:0 Sep:0 Jul:0 Jun:0 May:0,7,https://www.xcontest.org/world/en/flights-search/?filter[point]=0.73138%2042.55458&list[sort]=pts&list[dir]=down&filter[radius]=1000&list[num]=100,0.73138,42.55458
Tiacuto,45.53 km,Mar,11,0,0,0,1,Mar:0 Oct:0 May:0 Dec:0,1,https://www.xcontest.org/world/en/flights-search/?filter[point]=-0.41125%2042.27045&list[sort]=pts&list[dir]=down&filter[radius]=1000&list[num]=100,-0.41125,42.27045
Turbon,22.01 km,Aug Sep,11,0,0,1,7,Jun:0 Aug:0 Jul:0 Dec:0 Sep:0,1,https://www.xcontest.org/world/en/flights-search/?filter[point]=0.50035%2042.41552&list[sort]=pts&list[dir]=down&filter[radius]=1000&list[num]=100,0.50035,42.41552
Vilas,26.05 km,Sep May,11,0,0,0,4,Sep:0 May:0 Aug:0 Jul:0 Jun:0,3,https://www.xcontest.org/world/en/flights-search/?filter[point]=0.52463%2042.41667&list[sort]=pts&list[dir]=down&filter[radius]=1000&list[num]=100,0.52463,42.41667
Coth de Baretja,71.54 km,May,11,0,0,2,4,Nov:0 Sep:0 May:0,2,https://www.xcontest.org/world/en/flights-search/?filter[point]=0.64067%2042.75483&list[sort]=pts&list[dir]=down&filter[radius]=1000&list[num]=100,0.64067,42.75483
talltendre,52.75 km,May,11,0,0,2,6,Apr:0 May:0 Dec:0 Jul:0 Aug:0 Oct:0,1,https://www.xcontest.org/world/en/flights-search/?filter[point]=1.78182%2042.38887&list[sort]=pts&list[dir]=down&filter[radius]=1000&list[num]=100,1.78182,42.38887
Bellver,26.67 km,Apr,11,0,0,2,6,Apr:0 May:0 Dec:0 Jul:0 Aug:0 Oct:0,1,https://www.xcontest.org/world/en/flights-search/?filter[point]=1.78348%2042.3882&list[sort]=pts&list[dir]=down&filter[radius]=1000&list[num]=100,1.78348,42.3882
Coll de Comiols,14.51 km,Oct Mar Feb Nov Sep May,10,0,0,0,0,Mar:0 Oct:0 Nov:0 Sep:0 May:0,1,https://www.xcontest.org/world/en/flights-search/?filter[point]=1.09978%2042.07&list[sort]=pts&list[dir]=down&filter[radius]=1000&list[num]=100,1.09978,42.07
Quéribus Nord,48.1 km,Aug Jul Oct Sep Mar Jun,10,0,0,0,7,Aug:0 Mar:0 Oct:0 Jul:0,1,https://www.xcontest.org/world/en/flights-search/?filter[point]=2.62387%2042.84645&list[sort]=pts&list[dir]=down&filter[radius]=1000&list[num]=100,2.62387,42.84645
Uishera,41.93 km,Sep,10,0,0,0,5,Sep:0 Dec:0,1,https://www.xcontest.org/world/en/flights-search/?filter[point]=0.7426%2042.76645&list[sort]=pts&list[dir]=down&filter[radius]=1000&list[num]=100,0.7426,42.76645
"Cal Roger,ES",35.56 km,Aug,10,0,0,2,5,Aug:0 Jun:0 Sep:0,2,https://www.xcontest.org/world/en/flights-search/?filter[point]=1.412317%2042.396117&list[sort]=pts&list[dir]=down&filter[radius]=1000&list[num]=100,1.412317,42.396117
Rubies,9.36 km,Jan,10,0,0,1,1,Dec:0 Jan:0,2,https://www.xcontest.org/world/en/flights-search/?filter[point]=0.93167%2042.0222&list[sort]=pts&list[dir]=down&filter[radius]=1000&list[num]=100,0.93167,42.0222
Mirapallars,68.38 km,Aug Jan,10,0,2,3,5,Jan:0,1,https://www.xcontest.org/world/en/flights-search/?filter[point]=0.94893%2042.0235&list[sort]=pts&list[dir]=down&filter[radius]=1000&list[num]=100,0.94893,42.0235
Taüll,13.28 km,Nov,9,0,0,1,4,Nov:0 Sep:0,1,https://www.xcontest.org/world/en/flights-search/?filter[point]=1.054317%2042.595983&list[sort]=pts&list[dir]=down&filter[radius]=1000&list[num]=100,1.054317,42.595983
Quéribus Sud,69.22 km,Aug Sep Jun Apr Jul May,9,0,0,5,8,Jun:0 Sep:0 Aug:0 Apr:0 Jul:0 May:0,2,https://www.xcontest.org/world/en/flights-search/?filter[point]=2.60498%2042.83478&list[sort]=pts&list[dir]=down&filter[radius]=1000&list[num]=100,2.60498,42.83478
Décollage,10.4 km,Dec,9,0,0,0,0,Dec:0 Jul:0 Nov:0 Mar:0 Jan:0,2,https://www.xcontest.org/world/en/flights-search/?filter[point]=-0.076267%2042.887483&list[sort]=pts&list[dir]=down&filter[radius]=1000&list[num]=100,-0.076267,42.887483
Rocaforte,52.27 km,Jul Sep Mar May Apr,9,0,0,1,1,Jul:0 Apr:0 Mar:0,3,https://www.xcontest.org/world/en/flights-search/?filter[point]=-1.296005%2042.591337&list[sort]=pts&list[dir]=down&filter[radius]=1000&list[num]=100,-1.296005,42.591337
Tuca del Mon,10.32 km,Aug Sep Jul,9,0,0,0,1,Jul:0 Aug:0,1,https://www.xcontest.org/world/en/flights-search/?filter[point]=0.493083%2042.611433&list[sort]=pts&list[dir]=down&filter[radius]=1000&list[num]=100,0.493083,42.611433
Port de Lers,20.02 km,Sep,9,0,0,4,9,Aug:0 Sep:0 May:0 Nov:0,1,https://www.xcontest.org/world/en/flights-search/?filter[point]=1.37653%2042.79413&list[sort]=pts&list[dir]=down&filter[radius]=1000&list[num]=100,1.37653,42.79413
Tuca del mon,10.19 km,Jul Aug,9,0,0,0,1,Jul:0 Aug:0,1,https://www.xcontest.org/world/en/flights-search/?filter[point]=0.49327%2042.61163&list[sort]=pts&list[dir]=down&filter[radius]=1000&list[num]=100,0.49327,42.61163
turbon,7.29 km,Dec,9,0,0,0,5,Jul:0 Jun:0 Dec:0 Aug:0,1,https://www.xcontest.org/world/en/flights-search/?filter[point]=0.48973%2042.41318&list[sort]=pts&list[dir]=down&filter[radius]=1000&list[num]=100,0.48973,42.41318
Tuca de Mon,31.41 km,Jul,9,0,0,0,1,Jul:0 Aug:0,1,https://www.xcontest.org/world/en/flights-search/?filter[point]=0.49328%2042.61142&list[sort]=pts&list[dir]=down&filter[radius]=1000&list[num]=100,0.49328,42.61142
Torbon,33.83 km,Jun,9,0,0,0,5,Jul:0 Jun:0 Dec:0 Aug:0,1,https://www.xcontest.org/world/en/flights-search/?filter[point]=0.492617%2042.4159&list[sort]=pts&list[dir]=down&filter[radius]=1000&list[num]=100,0.492617,42.4159
?plana del t...,28.36 km,May,9,0,0,0,5,Jul:0 Jun:0 Dec:0 Aug:0,1,https://www.xcontest.org/world/en/flights-search/?filter[point]=0.49342%2042.41595&list[sort]=pts&list[dir]=down&filter[radius]=1000&list[num]=100,0.49342,42.41595
Plana del tu...,17.63 km,May,9,0,0,0,5,Jul:0 Jun:0 Dec:0 Aug:0,1,https://www.xcontest.org/world/en/flights-search/?filter[point]=0.49307%2042.41588&list[sort]=pts&list[dir]=down&filter[radius]=1000&list[num]=100,0.49307,42.41588
Costa Pubilla,12.03 km,Feb Dec,9,0,0,1,4,Oct:0 Mar:0 Dec:0,1,https://www.xcontest.org/world/en/flights-search/?filter[point]=2.08267%2042.27977&list[sort]=pts&list[dir]=down&filter[radius]=1000&list[num]=100,2.08267,42.27977
Col de la Core,105.49 km,Aug Oct May Jan,8,0,1,4,5,Oct:0 Aug:0,2,https://www.xcontest.org/world/en/flights-search/?filter[point]=1.108867%2042.863167&list[sort]=pts&list[dir]=down&filter[radius]=1000&list[num]=100,1.108867,42.863167
Beixalís,8.59 km,Feb,8,0,0,0,0,Feb:0 Jan:0 Dec:0 Aug:0,3,https://www.xcontest.org/world/en/flights-search/?filter[point]=1.5536%2042.53058&list[sort]=pts&list[dir]=down&filter[radius]=1000&list[num]=100,1.5536,42.53058
Monte de Peña,13.81 km,Mar Apr May,8,0,1,1,2,Apr:0 Mar:0,2,https://www.xcontest.org/world/en/flights-search/?filter[point]=-1.28627%2042.4984&list[sort]=pts&list[dir]=down&filter[radius]=1000&list[num]=100,-1.28627,42.4984
Peña,151.98 km,Jul,8,0,1,1,2,Apr:0 Mar:0,2,https://www.xcontest.org/world/en/flights-search/?filter[point]=-1.28617%2042.49843&list[sort]=pts&list[dir]=down&filter[radius]=1000&list[num]=100,-1.28617,42.49843
Picalvo,31.69 km,Jul Sep,8,0,0,0,3,Nov:0 Aug:0 Jul:0 Sep:0,2,https://www.xcontest.org/world/en/flights-search/?filter[point]=0.56418%2042.59757&list[sort]=pts&list[dir]=down&filter[radius]=1000&list[num]=100,0.56418,42.59757
Cogulla,33.53 km,Aug,8,0,0,0,1,Aug:0 Sep:0 Feb:0 Jan:0,2,https://www.xcontest.org/world/en/flights-search/?filter[point]=0.54225%2042.55267&list[sort]=pts&list[dir]=down&filter[radius]=1000&list[num]=100,0.54225,42.55267
Rincón del ...,8.87 km,Sep May,8,0,0,0,1,Aug:0 Sep:0 Feb:0 Jan:0,2,https://www.xcontest.org/world/en/flights-search/?filter[point]=0.5357%2042.55742&list[sort]=pts&list[dir]=down&filter[radius]=1000&list[num]=100,0.5357,42.55742
Corronco de ...,69.22 km,Feb,8,0,2,6,7,Aug:0 Jun:0 Mar:0 Feb:0,2,https://www.xcontest.org/world/en/flights-search/?filter[point]=0.79427%2042.4429&list[sort]=pts&list[dir]=down&filter[radius]=1000&list[num]=100,0.79427,42.4429
Puig Lluent,7.16 km,Dec,7,0,0,0,1,Dec:0,1,https://www.xcontest.org/world/en/flights-search/?filter[point]=1.95343%2042.18795&list[sort]=pts&list[dir]=down&filter[radius]=1000&list[num]=100,1.95343,42.18795
Corronco,81.0 km,Feb Mar,7,0,2,6,6,Aug:0 Mar:0 Feb:0 Jun:0,1,https://www.xcontest.org/world/en/flights-search/?filter[point]=0.79477%2042.44475&list[sort]=pts&list[dir]=down&filter[radius]=1000&list[num]=100,0.79477,42.44475
Castanesa,76.68 km,Feb,7,0,0,3,6,Feb:0 Nov:0,1,https://www.xcontest.org/world/en/flights-search/?filter[point]=0.66965%2042.50422&list[sort]=pts&list[dir]=down&filter[radius]=1000&list[num]=100,0.66965,42.50422
Luz Ardiden,7.13 km,Jul,7,0,0,0,0,Jul:0 Jun:0 Oct:0 Aug:0,1,https://www.xcontest.org/world/en/flights-search/?filter[point]=-0.0591%2042.87875&list[sort]=pts&list[dir]=down&filter[radius]=1000&list[num]=100,-0.0591,42.87875
La Covil,13.8 km,Oct Nov Dec,7,0,0,1,1,Oct:0 Jun:0 Mar:0 Dec:0 Nov:0,1,https://www.xcontest.org/world/en/flights-search/?filter[point]=2.09735%2042.28137&list[sort]=pts&list[dir]=down&filter[radius]=1000&list[num]=100,2.09735,42.28137
Bastiments,15.68 km,Dec Oct Nov,7,0,0,0,0,Oct:0 Dec:0 Nov:0,1,https://www.xcontest.org/world/en/flights-search/?filter[point]=2.23365%2042.42592&list[sort]=pts&list[dir]=down&filter[radius]=1000&list[num]=100,2.23365,42.42592
Casós,21.58 km,Oct,7,0,0,0,2,Oct:0,1,https://www.xcontest.org/world/en/flights-search/?filter[point]=0.74087%2042.49487&list[sort]=pts&list[dir]=down&filter[radius]=1000&list[num]=100,0.74087,42.49487
Els Altars,11.83 km,Nov Oct,7,0,0,0,1,Dec:0,1,https://www.xcontest.org/world/en/flights-search/?filter[point]=1.95343%2042.1879&list[sort]=pts&list[dir]=down&filter[radius]=1000&list[num]=100,1.95343,42.1879
Alano,13.24 km,Jul,7,1,1,3,4,Jul:0 Jun:0,1,https://www.xcontest.org/world/en/flights-search/?filter[point]=-0.78875%2042.82402&list[sort]=pts&list[dir]=down&filter[radius]=1000&list[num]=100,-0.78875,42.82402
puigmal,10.97 km,Nov,7,0,0,0,0,Dec:0 Nov:0 Mar:0,1,https://www.xcontest.org/world/en/flights-search/?filter[point]=2.1227%2042.37182&list[sort]=pts&list[dir]=down&filter[radius]=1000&list[num]=100,2.1227,42.37182
Tossa Plana ...,21.02 km,Nov Dec Jul,6,0,0,0,1,Dec:0 Nov:0 Jul:0,1,https://www.xcontest.org/world/en/flights-search/?filter[point]=1.6557%2042.4676&list[sort]=pts&list[dir]=down&filter[radius]=1000&list[num]=100,1.6557,42.4676
Isuerre,51.32 km,Sep,6,0,0,1,4,Sep:0 Jul:0,1,https://www.xcontest.org/world/en/flights-search/?filter[point]=-1.06068%2042.51162&list[sort]=pts&list[dir]=down&filter[radius]=1000&list[num]=100,-1.06068,42.51162
Baqueira,12.17 km,Nov Oct,5,0,0,0,2,Sep:0,1,https://www.xcontest.org/world/en/flights-search/?filter[point]=0.9366%2042.730533&list[sort]=pts&list[dir]=down&filter[radius]=1000&list[num]=100,0.9366,42.730533
Balandrau,9.17 km,Dec Jan,5,0,0,0,0,Jun:0 Jan:0 Dec:0,1,https://www.xcontest.org/world/en/flights-search/?filter[point]=2.22237%2042.35725&list[sort]=pts&list[dir]=down&filter[radius]=1000&list[num]=100,2.22237,42.35725
Despegue,6.22 km,Jan,5,0,0,0,0,Jan:0 Jun:0,1,https://www.xcontest.org/world/en/flights-search/?filter[point]=1.670017%2042.280383&list[sort]=pts&list[dir]=down&filter[radius]=1000&list[num]=100,1.670017,42.280383
Bassegoda,38.89 km,Sep,5,0,0,0,1,Sep:0 Mar:0 Jan:0,3,https://www.xcontest.org/world/en/flights-search/?filter[point]=2.62887%2042.3121&list[sort]=pts&list[dir]=down&filter[radius]=1000&list[num]=100,2.62887,42.3121
Hount Blanque,40.44 km,Dec Jun Mar Sep,5,0,0,0,1,Dec:0 Jun:0 Mar:0,2,https://www.xcontest.org/world/en/flights-search/?filter[point]=0.16098%2042.97998&list[sort]=pts&list[dir]=down&filter[radius]=1000&list[num]=100,0.16098,42.97998
mont hourmigué,13.11 km,Jul,5,0,0,0,0,Jul:0,3,https://www.xcontest.org/world/en/flights-search/?filter[point]=0.60437%2042.92977&list[sort]=pts&list[dir]=down&filter[radius]=1000&list[num]=100,0.60437,42.92977
Cazavet,32.75 km,May,5,0,0,0,2,May:0 Oct:0 Apr:0,1,https://www.xcontest.org/world/en/flights-search/?filter[point]=1.03538%2042.9864&list[sort]=pts&list[dir]=down&filter[radius]=1000&list[num]=100,1.03538,42.9864
Roies de Cardet,68.24 km,Jul,5,0,0,2,2,Aug:0 Jul:0 Oct:0,1,https://www.xcontest.org/world/en/flights-search/?filter[point]=0.77918%2042.51215&list[sort]=pts&list[dir]=down&filter[radius]=1000&list[num]=100,0.77918,42.51215
Soum de Matt...,14.51 km,Aug,5,0,0,1,1,Aug:0 Jul:0,2,https://www.xcontest.org/world/en/flights-search/?filter[point]=0.26417%2042.81443&list[sort]=pts&list[dir]=down&filter[radius]=1000&list[num]=100,0.26417,42.81443
Soum de matte,13.39 km,Aug Jul,5,0,0,1,1,Aug:0 Jul:0,2,https://www.xcontest.org/world/en/flights-search/?filter[point]=0.26437%2042.81428&list[sort]=pts&list[dir]=down&filter[radius]=1000&list[num]=100,0.26437,42.81428
Bordas caste...,6.1 km,Aug,5,0,0,0,0,Aug:0,1,https://www.xcontest.org/world/en/flights-search/?filter[point]=0.43937%2042.55177&list[sort]=pts&list[dir]=down&filter[radius]=1000&list[num]=100,0.43937,42.55177
Cardet,60.86 km,Aug,5,0,0,2,2,Aug:0 Jul:0 Oct:0,1,https://www.xcontest.org/world/en/flights-search/?filter[point]=0.78212%2042.51047&list[sort]=pts&list[dir]=down&filter[radius]=1000&list[num]=100,0.78212,42.51047
Espot. Creu ...,72.55 km,Jun May,5,0,0,1,3,Jun:0 Aug:0,1,https://www.xcontest.org/world/en/flights-search/?filter[point]=1.08627%2042.53923&list[sort]=pts&list[dir]=down&filter[radius]=1000&list[num]=100,1.08627,42.53923
L'Orri,80.64 km,Aug,5,0,0,2,3,Aug:0 Jun:0 Dec:0,1,https://www.xcontest.org/world/en/flights-search/?filter[point]=1.21498%2042.4076&list[sort]=pts&list[dir]=down&filter[radius]=1000&list[num]=100,1.21498,42.4076
Pic de l'Orri,33.36 km,Aug,5,0,0,2,3,Aug:0 Dec:0 Nov:0,1,https://www.xcontest.org/world/en/flights-search/?filter[point]=1.20407%2042.4111&list[sort]=pts&list[dir]=down&filter[radius]=1000&list[num]=100,1.20407,42.4111
Pic de L'Orr...,8.16 km,Dec,5,0,0,2,3,Aug:0 Jun:0 Dec:0,1,https://www.xcontest.org/world/en/flights-search/?filter[point]=1.20883%2042.40775&list[sort]=pts&list[dir]=down&filter[radius]=1000&list[num]=100,1.20883,42.40775
Estanils Miglos,7.72 km,Mar Dec Nov Jan,4,0,0,0,0,Dec:0,1,https://www.xcontest.org/world/en/flights-search/?filter[point]=1.62102%2042.78347&list[sort]=pts&list[dir]=down&filter[radius]=1000&list[num]=100,1.62102,42.78347
Takeoff,3.0 km,Apr,4,0,0,0,1,Apr:0 Oct:0,3,https://www.xcontest.org/world/en/flights-search/?filter[point]=1.970633%2042.7141&list[sort]=pts&list[dir]=down&filter[radius]=1000&list[num]=100,1.970633,42.7141
Isaba,150.2 km,Jun Jul,4,0,1,3,3,Jul:0 Jun:0,1,https://www.xcontest.org/world/en/flights-search/?filter[point]=-0.90882%2042.83915&list[sort]=pts&list[dir]=down&filter[radius]=1000&list[num]=100,-0.90882,42.83915
Raca,3.1 km,Jan Dec,4,0,0,0,1,Dec:0 Jul:0,1,https://www.xcontest.org/world/en/flights-search/?filter[point]=-0.50565%2042.79602&list[sort]=pts&list[dir]=down&filter[radius]=1000&list[num]=100,-0.50565,42.79602
bertren,3.14 km,Feb Dec Jan,4,0,0,0,0,Dec:0 Feb:0,2,https://www.xcontest.org/world/en/flights-search/?filter[point]=0.60872%2043.0082&list[sort]=pts&list[dir]=down&filter[radius]=1000&list[num]=100,0.60872,43.0082
Serra del Cadí,6.2 km,Jan,4,0,0,0,1,Jan:0 Sep:0 Jun:0,1,https://www.xcontest.org/world/en/flights-search/?filter[point]=1.59772%2042.2856&list[sort]=pts&list[dir]=down&filter[radius]=1000&list[num]=100,1.59772,42.2856
fontalba,25.94 km,Nov,4,0,0,0,2,Nov:0 Jul:0 Jan:0,1,https://www.xcontest.org/world/en/flights-search/?filter[point]=2.15225%2042.3671&list[sort]=pts&list[dir]=down&filter[radius]=1000&list[num]=100,2.15225,42.3671
Candanchu,44.28 km,Jul,4,0,0,0,1,Dec:0 Jul:0,1,https://www.xcontest.org/world/en/flights-search/?filter[point]=-0.5082%2042.788883&list[sort]=pts&list[dir]=down&filter[radius]=1000&list[num]=100,-0.5082,42.788883
Fontalba,22.25 km,Jan,4,0,0,0,2,Nov:0 Jul:0 Jan:0,1,https://www.xcontest.org/world/en/flights-search/?filter[point]=2.15315%2042.36707&list[sort]=pts&list[dir]=down&filter[radius]=1000&list[num]=100,2.15315,42.36707
Collarada,17.25 km,Jun,4,0,0,0,0,Jul:0,1,https://www.xcontest.org/world/en/flights-search/?filter[point]=-0.48697%2042.7056&list[sort]=pts&list[dir]=down&filter[radius]=1000&list[num]=100,-0.48697,42.7056
Oturia,4.9 km,Aug May,4,0,1,1,1,Sep:0 Aug:0 May:0,3,https://www.xcontest.org/world/en/flights-search/?filter[point]=-0.26923%2042.5342&list[sort]=pts&list[dir]=down&filter[radius]=1000&list[num]=100,-0.26923,42.5342
corona,14.17 km,Jul,4,0,0,1,2,Jul:0 Aug:0,1,https://www.xcontest.org/world/en/flights-search/?filter[point]=-0.095817%2042.53195&list[sort]=pts&list[dir]=down&filter[radius]=1000&list[num]=100,-0.095817,42.53195
Es Antenes,8.18 km,Jul,4,0,0,0,0,Sep:0 Jul:0,1,https://www.xcontest.org/world/en/flights-search/?filter[point]=0.653%2042.75205&list[sort]=pts&list[dir]=down&filter[radius]=1000&list[num]=100,0.653,42.75205
tuixent lavansa,27.21 km,Feb,4,0,0,0,1,Feb:0 Dec:0,1,https://www.xcontest.org/world/en/flights-search/?filter[point]=1.52213%2042.21318&list[sort]=pts&list[dir]=down&filter[radius]=1000&list[num]=100,1.52213,42.21318
castelar nug,25.8 km,Jul,4,0,0,0,2,Jul:0,2,https://www.xcontest.org/world/en/flights-search/?filter[point]=2.01432%2042.29888&list[sort]=pts&list[dir]=down&filter[radius]=1000&list[num]=100,2.01432,42.29888
Fontlletera,34.05 km,Sep Oct,4,0,0,0,1,Oct:0 Dec:0,1,https://www.xcontest.org/world/en/flights-search/?filter[point]=2.2357%2042.37655&list[sort]=pts&list[dir]=down&filter[radius]=1000&list[num]=100,2.2357,42.37655
Tregurà,4.41 km,Jul,4,0,0,0,0,Jun:0 Apr:0 Jul:0,1,https://www.xcontest.org/world/en/flights-search/?filter[point]=2.27355%2042.35103&list[sort]=pts&list[dir]=down&filter[radius]=1000&list[num]=100,2.27355,42.35103
Loarre,96.52 km,Jun Apr,3,0,0,1,2,Jun:0 Apr:0,1,https://www.xcontest.org/world/en/flights-search/?filter[point]=-0.61618%2042.3417&list[sort]=pts&list[dir]=down&filter[radius]=1000&list[num]=100,-0.61618,42.3417
Peña Monta�...,52.54 km,Oct Sep Mar,3,0,0,1,3,Sep:0 Oct:0,1,https://www.xcontest.org/world/en/flights-search/?filter[point]=0.291467%2042.465667&list[sort]=pts&list[dir]=down&filter[radius]=1000&list[num]=100,0.291467,42.465667
Castell de Mur,67.65 km,May Apr,3,0,0,1,1,May:0 Apr:0,2,https://www.xcontest.org/world/en/flights-search/?filter[point]=0.86862%2042.10375&list[sort]=pts&list[dir]=down&filter[radius]=1000&list[num]=100,0.86862,42.10375
Orhi,6.44 km,Jun,3,0,0,0,0,Jun:0,2,https://www.xcontest.org/world/en/flights-search/?filter[point]=-0.98372%2042.97207&list[sort]=pts&list[dir]=down&filter[radius]=1000&list[num]=100,-0.98372,42.97207
legarda,7.06 km,Jun May,3,0,0,0,0,Jan:0 Jun:0 May:0,1,https://www.xcontest.org/world/en/flights-search/?filter[point]=-1.77275%2042.704917&list[sort]=pts&list[dir]=down&filter[radius]=1000&list[num]=100,-1.77275,42.704917
Biescas,79.91 km,Jun,3,0,0,1,1,Jun:0 Jul:0,1,https://www.xcontest.org/world/en/flights-search/?filter[point]=-0.35515%2042.65077&list[sort]=pts&list[dir]=down&filter[radius]=1000&list[num]=100,-0.35515,42.65077
Era trona,7.9 km,Jan,3,0,0,0,0,Jul:0,1,https://www.xcontest.org/world/en/flights-search/?filter[point]=0.65857%2042.75223&list[sort]=pts&list[dir]=down&filter[radius]=1000&list[num]=100,0.65857,42.75223
Roc de Rumbau,15.09 km,Nov Apr Jun,3,0,0,0,0,Jun:0 Nov:0 Apr:0,1,https://www.xcontest.org/world/en/flights-search/?filter[point]=1.28318%2042.07642&list[sort]=pts&list[dir]=down&filter[radius]=1000&list[num]=100,1.28318,42.07642
Beriain,0.04 km,Aug,3,0,0,0,0,Aug:0,1,https://www.xcontest.org/world/en/flights-search/?filter[point]=-1.811567%2042.884083&list[sort]=pts&list[dir]=down&filter[radius]=1000&list[num]=100,-1.811567,42.884083
Peña Ezkaurre,148.24 km,May,3,0,2,3,3,May:0,1,https://www.xcontest.org/world/en/flights-search/?filter[point]=-0.84002%2042.85107&list[sort]=pts&list[dir]=down&filter[radius]=1000&list[num]=100,-0.84002,42.85107
Pena Ezkaurre,100.12 km,May,3,0,2,3,3,May:0,1,https://www.xcontest.org/world/en/flights-search/?filter[point]=-0.84012%2042.85095&list[sort]=pts&list[dir]=down&filter[radius]=1000&list[num]=100,-0.84012,42.85095
Punta güe,4.73 km,Oct,3,0,0,0,0,Oct:0 May:0,3,https://www.xcontest.org/world/en/flights-search/?filter[point]=-0.35172%2042.57418&list[sort]=pts&list[dir]=down&filter[radius]=1000&list[num]=100,-0.35172,42.57418
Pico cerruza,9.73 km,Jun,3,0,0,1,1,Jun:0 Jul:0,1,https://www.xcontest.org/world/en/flights-search/?filter[point]=-0.35417%2042.65227&list[sort]=pts&list[dir]=down&filter[radius]=1000&list[num]=100,-0.35417,42.65227
Cerruza,7.13 km,Jul,3,0,0,1,1,Jun:0 Jul:0,1,https://www.xcontest.org/world/en/flights-search/?filter[point]=-0.35403%2042.6522&list[sort]=pts&list[dir]=down&filter[radius]=1000&list[num]=100,-0.35403,42.6522
Vielha e Mij...,38.97 km,May,3,0,0,0,1,Nov:0,1,https://www.xcontest.org/world/en/flights-search/?filter[point]=0.81487%2042.70798&list[sort]=pts&list[dir]=down&filter[radius]=1000&list[num]=100,0.81487,42.70798
punta sarrera,62.72 km,Apr,3,0,0,2,2,Apr:0 Aug:0,1,https://www.xcontest.org/world/en/flights-search/?filter[point]=1.2109%2042.391433&list[sort]=pts&list[dir]=down&filter[radius]=1000&list[num]=100,1.2109,42.391433
Pic de l´Orri,59.71 km,Aug,3,0,0,2,2,Apr:0 Aug:0,1,https://www.xcontest.org/world/en/flights-search/?filter[point]=1.21647%2042.39512&list[sort]=pts&list[dir]=down&filter[radius]=1000&list[num]=100,1.21647,42.39512
serrat de la...,5.59 km,Jun,3,0,0,0,0,Jun:0,1,https://www.xcontest.org/world/en/flights-search/?filter[point]=1.669%2042.25695&list[sort]=pts&list[dir]=down&filter[radius]=1000&list[num]=100,1.669,42.25695
Montsegur,19.15 km,Apr,3,0,0,0,1,Apr:0 Sep:0 Aug:0,1,https://www.xcontest.org/world/en/flights-search/?filter[point]=1.8091%2042.86057&list[sort]=pts&list[dir]=down&filter[radius]=1000&list[num]=100,1.8091,42.86057
Montsegur,4.58 km,Aug,3,0,0,0,1,Apr:0 Sep:0 Aug:0,1,https://www.xcontest.org/world/en/flights-search/?filter[point]=1.80888%2042.86053&list[sort]=pts&list[dir]=down&filter[radius]=1000&list[num]=100,1.80888,42.86053
Belesta,11.19 km,Jul Aug,3,0,0,0,0,Sep:0 Jul:0 Aug:0,1,https://www.xcontest.org/world/en/flights-search/?filter[point]=1.96378%2042.89997&list[sort]=pts&list[dir]=down&filter[radius]=1000&list[num]=100,1.96378,42.89997
Pic de la So...,31.06 km,Sep,3,0,0,0,2,Jun:0,1,https://www.xcontest.org/world/en/flights-search/?filter[point]=2.53682%2042.46015&list[sort]=pts&list[dir]=down&filter[radius]=1000&list[num]=100,2.53682,42.46015
Bonaigua,32.18 km,Sep,2,0,0,0,2,Sep:0,1,https://www.xcontest.org/world/en/flights-search/?filter[point]=1.02097%2042.6549&list[sort]=pts&list[dir]=down&filter[radius]=1000&list[num]=100,1.02097,42.6549
Canigo,29.17 km,Jul Jun,2,0,0,0,1,Jun:0 Jul:0,1,https://www.xcontest.org/world/en/flights-search/?filter[point]=2.440867%2042.53485&list[sort]=pts&list[dir]=down&filter[radius]=1000&list[num]=100,2.440867,42.53485
Bagneres de ...,62.81 km,Feb,2,0,0,1,2,Feb:0,2,https://www.xcontest.org/world/en/flights-search/?filter[point]=0.59978%2042.7959&list[sort]=pts&list[dir]=down&filter[radius]=1000&list[num]=100,0.59978,42.7959
Anayet,123.97 km,Jul,2,0,1,1,1,Jul:0,2,https://www.xcontest.org/world/en/flights-search/?filter[point]=-0.46445%2042.770483&list[sort]=pts&list[dir]=down&filter[radius]=1000&list[num]=100,-0.46445,42.770483
Ciriza,24.44 km,Sep,2,0,0,0,1,Sep:0,1,https://www.xcontest.org/world/en/flights-search/?filter[point]=-1.80608%2042.78442&list[sort]=pts&list[dir]=down&filter[radius]=1000&list[num]=100,-1.80608,42.78442
Beragu,17.04 km,May Apr,2,0,0,0,0,May:0 Apr:0,2,https://www.xcontest.org/world/en/flights-search/?filter[point]=-1.43347%2042.5268&list[sort]=pts&list[dir]=down&filter[radius]=1000&list[num]=100,-1.43347,42.5268
toilet,9.74 km,Jul,2,0,0,0,0,Jul:0,1,https://www.xcontest.org/world/en/flights-search/?filter[point]=-0.842667%2042.9062&list[sort]=pts&list[dir]=down&filter[radius]=1000&list[num]=100,-0.842667,42.9062
rapitan Jaca,95.42 km,Aug Jun,2,0,0,2,2,Jun:0 Aug:0,1,https://www.xcontest.org/world/en/flights-search/?filter[point]=-0.53655%2042.58788&list[sort]=pts&list[dir]=down&filter[radius]=1000&list[num]=100,-0.53655,42.58788
Castejon De sos,66.39 km,Aug,2,0,0,2,2,Aug:0,1,https://www.xcontest.org/world/en/flights-search/?filter[point]=0.5%2042.4&list[sort]=pts&list[dir]=down&filter[radius]=1000&list[num]=100,0.5,42.4
Pico destós,5.65 km,Aug,2,0,0,0,0,Aug:0,1,https://www.xcontest.org/world/en/flights-search/?filter[point]=0.554583%2042.652817&list[sort]=pts&list[dir]=down&filter[radius]=1000&list[num]=100,0.554583,42.652817
pic d'antenac,5.43 km,May,2,0,0,0,0,May:0,1,https://www.xcontest.org/world/en/flights-search/?filter[point]=0.5674%2042.85257&list[sort]=pts&list[dir]=down&filter[radius]=1000&list[num]=100,0.5674,42.85257
Pic Antenac,4.93 km,May,2,0,0,0,0,May:0,1,https://www.xcontest.org/world/en/flights-search/?filter[point]=0.56798%2042.85247&list[sort]=pts&list[dir]=down&filter[radius]=1000&list[num]=100,0.56798,42.85247
Sapeira,1.91 km,Oct,2,0,0,0,0,Aug:0,1,https://www.xcontest.org/world/en/flights-search/?filter[point]=0.785317%2042.254217&list[sort]=pts&list[dir]=down&filter[radius]=1000&list[num]=100,0.785317,42.254217
El gravet,148.39 km,Jun,2,0,2,2,2,Jun:0,2,https://www.xcontest.org/world/en/flights-search/?filter[point]=0.8213%2042.21603&list[sort]=pts&list[dir]=down&filter[radius]=1000&list[num]=100,0.8213,42.21603
Prat de codines,8.11 km,Dec,2,0,0,0,0,Dec:0,1,https://www.xcontest.org/world/en/flights-search/?filter[point]=1.75032%2042.41883&list[sort]=pts&list[dir]=down&filter[radius]=1000&list[num]=100,1.75032,42.41883
Prat Sibrà,7.19 km,Dec,2,0,0,0,0,Dec:0,1,https://www.xcontest.org/world/en/flights-search/?filter[point]=1.75032%2042.41883&list[sort]=pts&list[dir]=down&filter[radius]=1000&list[num]=100,1.75032,42.41883
Rasos de Tubau,2.02 km,Dec,2,0,0,0,0,Dec:0,1,https://www.xcontest.org/world/en/flights-search/?filter[point]=2.04485%2042.21465&list[sort]=pts&list[dir]=down&filter[radius]=1000&list[num]=100,2.04485,42.21465
Camélas,4.66 km,Nov,2,0,0,0,0,Nov:0,1,https://www.xcontest.org/world/en/flights-search/?filter[point]=2.68252%2042.625&list[sort]=pts&list[dir]=down&filter[radius]=1000&list[num]=100,2.68252,42.625
Enlairament,3.74 km,Mar,1,0,0,0,0,Mar:0,1,https://www.xcontest.org/world/en/flights-search/?filter[point]=2.261083%2042.4373&list[sort]=pts&list[dir]=down&filter[radius]=1000&list[num]=100,2.261083,42.4373
Take OFF,29.8 km,Sep,1,0,0,0,1,Sep:0,1,https://www.xcontest.org/world/en/flights-search/?filter[point]=0.7298%2042.16735&list[sort]=pts&list[dir]=down&filter[radius]=1000&list[num]=100,0.7298,42.16735
El Grado,11.93 km,Jun,1,0,0,0,0,Jun:0,1,https://www.xcontest.org/world/en/flights-search/?filter[point]=0.17215%2042.1158&list[sort]=pts&list[dir]=down&filter[radius]=1000&list[num]=100,0.17215,42.1158
zo zrázu,4.15 km,Jul,1,0,0,0,0,Jul:0,1,https://www.xcontest.org/world/en/flights-search/?filter[point]=-0.78868%2042.85407&list[sort]=pts&list[dir]=down&filter[radius]=1000&list[num]=100,-0.78868,42.85407
xpyr day7,21.53 km,Jun,1,0,0,0,1,Jun:0,1,https://www.xcontest.org/world/en/flights-search/?filter[point]=2.40083%2042.44157&list[sort]=pts&list[dir]=down&filter[radius]=1000&list[num]=100,2.40083,42.44157
day4,29.22 km,Jul,1,0,0,0,1,Jul:0,1,https://www.xcontest.org/world/en/flights-search/?filter[point]=-0.11665%2042.49688&list[sort]=pts&list[dir]=down&filter[radius]=1000&list[num]=100,-0.11665,42.49688
Canigó,17.36 km,Nov,1,0,0,0,0,Nov:0,1,https://www.xcontest.org/world/en/flights-search/?filter[point]=2.46035%2042.51613&list[sort]=pts&list[dir]=down&filter[radius]=1000&list[num]=100,2.46035,42.51613
San Miguel d...,5.93 km,Jan,1,0,0,0,0,Jan:0,1,https://www.xcontest.org/world/en/flights-search/?filter[point]=-1.677183%2042.79525&list[sort]=pts&list[dir]=down&filter[radius]=1000&list[num]=100,-1.677183,42.79525
Durro,26.34 km,Aug,1,0,0,0,1,Aug:0,1,https://www.xcontest.org/world/en/flights-search/?filter[point]=0.82122%2042.50368&list[sort]=pts&list[dir]=down&filter[radius]=1000&list[num]=100,0.82122,42.50368
Peña monta�...,4.88 km,Nov,1,0,0,0,0,Nov:0,1,https://www.xcontest.org/world/en/flights-search/?filter[point]=0.20647%2042.4664&list[sort]=pts&list[dir]=down&filter[radius]=1000&list[num]=100,0.20647,42.4664
SIERRA d'ABO...,8.55 km,Jun,1,0,0,0,0,Jun:0,1,https://www.xcontest.org/world/en/flights-search/?filter[point]=-1.130933%2042.959783&list[sort]=pts&list[dir]=down&filter[radius]=1000&list[num]=100,-1.130933,42.959783
Lakartxela,4.53 km,Jul,1,0,0,0,0,Jul:0,1,https://www.xcontest.org/world/en/flights-search/?filter[point]=-0.8878%2042.95082&list[sort]=pts&list[dir]=down&filter[radius]=1000&list[num]=100,-0.8878,42.95082
Pico de las ...,8.76 km,Jul,1,0,0,0,0,Jul:0,1,https://www.xcontest.org/world/en/flights-search/?filter[point]=-0.42035%2042.75092&list[sort]=pts&list[dir]=down&filter[radius]=1000&list[num]=100,-0.42035,42.75092
Hillside,69.74 km,Sep,1,0,0,1,1,Sep:0,1,https://www.xcontest.org/world/en/flights-search/?filter[point]=-0.35412%2042.80827&list[sort]=pts&list[dir]=down&filter[radius]=1000&list[num]=100,-0.35412,42.80827
pelopin,29.25 km,May,1,0,0,0,1,May:0,1,https://www.xcontest.org/world/en/flights-search/?filter[point]=-0.18107%2042.60333&list[sort]=pts&list[dir]=down&filter[radius]=1000&list[num]=100,-0.18107,42.60333
Cotiella,24.66 km,Jul,1,0,0,0,1,Jul:0,1,https://www.xcontest.org/world/en/flights-search/?filter[point]=0.25205%2042.5099&list[sort]=pts&list[dir]=down&filter[radius]=1000&list[num]=100,0.25205,42.5099
Zaragualas,19.61 km,Aug,1,0,0,0,0,Aug:0,1,https://www.xcontest.org/world/en/flights-search/?filter[point]=0.31865%2042.452133&list[sort]=pts&list[dir]=down&filter[radius]=1000&list[num]=100,0.31865,42.452133
Benasque,2.89 km,Aug,1,0,0,0,0,Aug:0,1,https://www.xcontest.org/world/en/flights-search/?filter[point]=0.543717%2042.5972&list[sort]=pts&list[dir]=down&filter[radius]=1000&list[num]=100,0.543717,42.5972
Lo Tesso,16.74 km,Oct,1,0,0,0,0,Oct:0,1,https://www.xcontest.org/world/en/flights-search/?filter[point]=1.03415%2042.59697&list[sort]=pts&list[dir]=down&filter[radius]=1000&list[num]=100,1.03415,42.59697
Pernui,2.01 km,Aug,1,0,0,0,0,Aug:0,1,https://www.xcontest.org/world/en/flights-search/?filter[point]=1.14098%2042.41303&list[sort]=pts&list[dir]=down&filter[radius]=1000&list[num]=100,1.14098,42.41303
Les Ginestes...,45.23 km,Mar,1,0,0,0,1,Mar:0,1,https://www.xcontest.org/world/en/flights-search/?filter[point]=1.57545%2042.14488&list[sort]=pts&list[dir]=down&filter[radius]=1000&list[num]=100,1.57545,42.14488
porte puymorens,79.73 km,Aug,1,0,0,1,1,Aug:0,1,https://www.xcontest.org/world/en/flights-search/?filter[point]=1.80738%2042.54277&list[sort]=pts&list[dir]=down&filter[radius]=1000&list[num]=100,1.80738,42.54277
Castell Lluçà,1.42 km,Jun,1,0,0,0,0,Jun:0,1,https://www.xcontest.org/world/en/flights-search/?filter[point]=2.03892%2042.05418&list[sort]=pts&list[dir]=down&filter[radius]=1000&list[num]=100,2.03892,42.05418
Puig d'Òrria,6.86 km,Jun,1,0,0,0,0,Jun:0,1,https://www.xcontest.org/world/en/flights-search/?filter[point]=2.10362%2042.35155&list[sort]=pts&list[dir]=down&filter[radius]=1000&list[num]=100,2.10362,42.35155